HeadYaw, HeadPitch, LShoulderPitch, LShoulderRoll, LElbowYaw, LElbowRoll, LWristYaw, LHand, LHipYawPitch, LHipRoll, LHipPitch, LKneePitch, LAnklePitch, LAnkleRoll, RHipYawPitch, RHipRoll, RHipPitch, RKneePitch, RAnklePitch, RAnkleRoll, RShoulderPitch, RShoulderRoll, RElbowYaw, RElbowRoll, RWristYaw, RHand, BlobX, BlobY
1.069593429565429688e-02,-1.538205146789550781e-02,4.908380508422851562e-01,-6.753802299499511719e-02,-1.136735916137695312e+00,-1.492540121078491211e+00,-1.418992042541503906e+00,7.463999986648559570e-01,-2.453980445861816406e-01,-9.199810028076171875e-02,-7.654240131378173828e-01,2.112546443939208984e+00,-1.189441919326782227e+00,7.367396354675292969e-02,-2.453980445861816406e-01,8.287787437438964844e-02,-7.869839668273925781e-01,2.112546443939208984e+00,-1.186300277709960938e+00,-7.205605506896972656e-02,1.395981788635253906e+00,-2.071318626403808594e-01,8.804740905761718750e-01,8.422079086303710938e-01,-1.998400688171386719e-02,5.079996585845947266e-02,1.640833282470703125e+01,2.333249969482421875e+02
1.069593429565429688e-02,-1.538205146789550781e-02,5.107800960540771484e-01,-2.086658477783203125e-01,-1.152075767517089844e+00,-1.486404061317443848e+00,-1.432797908782958984e+00,7.459999918937683105e-01,-2.453980445861816406e-01,-9.199810028076171875e-02,-7.684919834136962891e-01,2.112546443939208984e+00,-1.189441919326782227e+00,7.501578330993652344e-02,-2.453980445861816406e-01,8.287787437438964844e-02,-7.854499816894531250e-01,2.112546443939208984e+00,-1.186300277709960938e+00,-7.205605506896972656e-02,1.395981788635253906e+00,-2.071318626403808594e-01,8.789401054382324219e-01,8.422079086303710938e-01,-1.998400688171386719e-02,5.079996585845947266e-02,3.315248107910156250e+01,2.301418457031250000e+02
4.095361232757568359e-01,1.196100711822509766e-01,3.297679424285888672e-01,2.530679702758789062e-01,-1.138269901275634766e+00,-1.000126123428344727e+00,-1.337689876556396484e+00,7.572000026702880859e-01,-2.453980445861816406e-01,-9.199810028076171875e-02,-7.684919834136962891e-01,2.112546443939208984e+00,-1.189441919326782227e+00,7.501578330993652344e-02,-2.453980445861816406e-01,8.287787437438964844e-02,-7.869839668273925781e-01,2.112546443939208984e+00,-1.186300277709960938e+00,-7.205605506896972656e-02,1.395981788635253906e+00,-2.086658477783203125e-01,8.820080757141113281e-01,8.422079086303710938e-01,-1.998400688171386719e-02,5.120003223419189453e-02,1.669480895996093750e+02,1.251498794555664062e+02
4.018659591674804688e-01,1.196100711822509766e-01,2.285239696502685547e-01,1.978440284729003906e-01,-1.136735916137695312e+00,-1.009330034255981445e+00,-1.337689876556396484e+00,7.572000026702880859e-01,-2.453980445861816406e-01,-9.199810028076171875e-02,-7.669579982757568359e-01,2.112546443939208984e+00,-1.189441919326782227e+00,7.501578330993652344e-02,-2.453980445861816406e-01,8.287787437438964844e-02,-7.854499816894531250e-01,2.112546443939208984e+00,-1.186300277709960938e+00,-7.205605506896972656e-02,1.395981788635253906e+00,-2.086658477783203125e-01,8.835420608520507812e-01,8.422079086303710938e-01,-1.998400688171386719e-02,5.079996585845947266e-02,1.783542327880859375e+02,8.186255645751953125e+01
4.033999443054199219e-01,1.196100711822509766e-01,1.947760581970214844e-01,9.199810028076171875e-02,-1.132133960723876953e+00,-1.009330034255981445e+00,-1.337689876556396484e+00,7.572000026702880859e-01,-2.453980445861816406e-01,-9.199810028076171875e-02,-7.684919834136962891e-01,2.112546443939208984e+00,-1.189441919326782227e+00,7.501578330993652344e-02,-2.453980445861816406e-01,8.287787437438964844e-02,-7.854499816894531250e-01,2.112546443939208984e+00,-1.186300277709960938e+00,-7.205605506896972656e-02,1.395981788635253906e+00,-2.086658477783203125e-01,8.820080757141113281e-01,8.422079086303710938e-01,-1.998400688171386719e-02,5.079996585845947266e-02,2.105216827392578125e+02,6.930786895751953125e+01
4.018659591674804688e-01,1.196100711822509766e-01,1.855721473693847656e-01,1.222991943359375000e-02,-1.130599975585937500e+00,-1.010864019393920898e+00,-1.339223861694335938e+00,7.572000026702880859e-01,-2.453980445861816406e-01,-9.199810028076171875e-02,-7.684919834136962891e-01,2.112546443939208984e+00,-1.189441919326782227e+00,7.501578330993652344e-02,-2.453980445861816406e-01,8.287787437438964844e-02,-7.854499816894531250e-01,2.112546443939208984e+00,-1.186300277709960938e+00,-7.205605506896972656e-02,1.395981788635253906e+00,-2.086658477783203125e-01,8.820080757141113281e-01,8.422079086303710938e-01,-1.998400688171386719e-02,5.079996585845947266e-02,2.403157348632812500e+02,6.391755676269531250e+01
3.895940780639648438e-01,1.502900123596191406e-01,2.177860736846923828e-01,-5.373191833496093750e-02,-1.125998020172119141e+00,-1.003194093704223633e+00,-1.337689876556396484e+00,7.572000026702880859e-01,-2.453980445861816406e-01,-9.199810028076171875e-02,-7.700259685516357422e-01,2.112546443939208984e+00,-1.189441919326782227e+00,7.501578330993652344e-02,-2.453980445861816406e-01,8.287787437438964844e-02,-7.869839668273925781e-01,2.112546443939208984e+00,-1.186300277709960938e+00,-7.205605506896972656e-02,1.395981788635253906e+00,-2.086658477783203125e-01,8.835420608520507812e-01,8.422079086303710938e-01,-1.998400688171386719e-02,5.079996585845947266e-02,2.667631530761718750e+02,8.553299713134765625e+01
3.895940780639648438e-01,1.702320575714111328e-01,2.837481498718261719e-01,-4.299402236938476562e-02,-1.124464035034179688e+00,-1.003194093704223633e+00,-1.339223861694335938e+00,7.572000026702880859e-01,-2.453980445861816406e-01,-9.199810028076171875e-02,-7.700259685516357422e-01,2.112546443939208984e+00,-1.189441919326782227e+00,7.501578330993652344e-02,-2.453980445861816406e-01,8.287787437438964844e-02,-7.869839668273925781e-01,2.112546443939208984e+00,-1.186300277709960938e+00,-7.205605506896972656e-02,1.395981788635253906e+00,-2.086658477783203125e-01,8.835420608520507812e-01,8.422079086303710938e-01,-1.998400688171386719e-02,5.079996585845947266e-02,2.628480529785156250e+02,1.078944473266601562e+02
3.880600929260253906e-01,2.070479393005371094e-01,4.156720638275146484e-01,-2.151799201965332031e-02,-1.125998020172119141e+00,-1.003194093704223633e+00,-1.337689876556396484e+00,7.572000026702880859e-01,-2.453980445861816406e-01,-9.199810028076171875e-02,-7.684919834136962891e-01,2.112546443939208984e+00,-1.189441919326782227e+00,7.501578330993652344e-02,-2.453980445861816406e-01,8.287787437438964844e-02,-7.854499816894531250e-01,2.112546443939208984e+00,-1.186300277709960938e+00,-7.205605506896972656e-02,1.395981788635253906e+00,-2.102000713348388672e-01,8.820080757141113281e-01,8.422079086303710938e-01,-1.998400688171386719e-02,5.079996585845947266e-02,2.527466735839843750e+02,1.384851226806640625e+02
3.880600929260253906e-01,2.085819244384765625e-01,4.586241245269775391e-01,-1.538205146789550781e-02,-1.124464035034179688e+00,-1.004728078842163086e+00,-1.337689876556396484e+00,7.572000026702880859e-01,-2.453980445861816406e-01,-9.199810028076171875e-02,-7.684919834136962891e-01,2.112546443939208984e+00,-1.188891887664794922e+00,7.516529411077499390e-02,-2.453980445861816406e-01,8.287787437438964844e-02,-7.854499816894531250e-01,2.112546443939208984e+00,-1.186300277709960938e+00,-7.205605506896972656e-02,1.395981788635253906e+00,-2.086658477783203125e-01,8.835420608520507812e-01,8.422079086303710938e-01,-1.998400688171386719e-02,5.079996585845947266e-02,2.382788391113281250e+02,1.466057739257812500e+02
4.095361232757568359e-01,-3.685808181762695312e-02,3.834581375122070312e-01,1.426200866699218750e-01,-1.147473812103271484e+00,-9.909219741821289062e-01,-1.369904041290283203e+00,7.572000026702880859e-01,-2.453980445861816406e-01,-9.199810028076171875e-02,-7.684919834136962891e-01,2.112546443939208984e+00,-1.189441919326782227e+00,7.501578330993652344e-02,-2.453980445861816406e-01,8.287787437438964844e-02,-7.869839668273925781e-01,2.112546443939208984e+00,-1.186300277709960938e+00,-7.205605506896972656e-02,1.395981788635253906e+00,-2.102000713348388672e-01,8.820080757141113281e-01,8.422079086303710938e-01,-1.998400688171386719e-02,5.079996585845947266e-02,1.907012939453125000e+02,1.941147155761718750e+02
4.095361232757568359e-01,-3.685808181762695312e-02,3.911280632019042969e-01,1.012020111083984375e-01,-1.132133960723876953e+00,-9.955241680145263672e-01,-1.369904041290283203e+00,7.572000026702880859e-01,-2.453980445861816406e-01,-9.199810028076171875e-02,-7.684919834136962891e-01,2.112546443939208984e+00,-1.189441919326782227e+00,7.501578330993652344e-02,-2.453980445861816406e-01,8.287787437438964844e-02,-7.854499816894531250e-01,2.112546443939208984e+00,-1.186300277709960938e+00,-7.205605506896972656e-02,1.395981788635253906e+00,-2.086658477783203125e-01,8.835420608520507812e-01,8.422079086303710938e-01,-1.998400688171386719e-02,5.079996585845947266e-02,2.084940338134765625e+02,2.094133300781250000e+02
3.957300186157226562e-01,-3.685808181762695312e-02,4.003319740295410156e-01,1.993780136108398438e-01,-1.155144214630126953e+00,-9.893879890441894531e-01,-1.368370056152343750e+00,7.572000026702880859e-01,-2.453980445861816406e-01,-9.199810028076171875e-02,-7.684919834136962891e-01,2.112546443939208984e+00,-1.189441919326782227e+00,7.501578330993652344e-02,-2.453980445861816406e-01,8.287787437438964844e-02,-7.869839668273925781e-01,2.112546443939208984e+00,-1.186300277709960938e+00,-7.205605506896972656e-02,1.395981788635253906e+00,-2.086658477783203125e-01,8.820080757141113281e-01,8.422079086303710938e-01,-1.998400688171386719e-02,5.079996585845947266e-02,1.677282562255859375e+02,1.964971771240234375e+02
3.895940780639648438e-01,-3.685808181762695312e-02,3.543119430541992188e-01,9.046411514282226562e-02,-1.132133960723876953e+00,-1.010864019393920898e+00,-1.374505996704101562e+00,7.572000026702880859e-01,-2.453980445861816406e-01,-9.199810028076171875e-02,-7.684919834136962891e-01,2.112546443939208984e+00,-1.189441919326782227e+00,7.501578330993652344e-02,-2.453980445861816406e-01,8.287787437438964844e-02,-7.854499816894531250e-01,2.112546443939208984e+00,-1.186300277709960938e+00,-7.205605506896972656e-02,1.395981788635253906e+00,-2.102000713348388672e-01,8.820080757141113281e-01,8.422079086303710938e-01,-1.998400688171386719e-02,5.079996585845947266e-02,2.015048065185546875e+02,1.931201171875000000e+02
3.880600929260253906e-01,-3.685808181762695312e-02,2.300579547882080078e-01,3.420400619506835938e-01,-1.150541782379150391e+00,-9.985921382904052734e-01,-1.368370056152343750e+00,7.572000026702880859e-01,-2.453980445861816406e-01,-9.199810028076171875e-02,-7.684919834136962891e-01,2.112546443939208984e+00,-1.189441919326782227e+00,7.501578330993652344e-02,-2.453980445861816406e-01,8.287787437438964844e-02,-7.854499816894531250e-01,2.112546443939208984e+00,-1.186300277709960938e+00,-7.205605506896972656e-02,1.395981788635253906e+00,-2.086658477783203125e-01,8.820080757141113281e-01,8.422079086303710938e-01,-1.998400688171386719e-02,5.079996585845947266e-02,1.256194305419921875e+02,1.420319976806640625e+02
3.895940780639648438e-01,-3.685808181762695312e-02,1.702320575714111328e-01,2.131841182708740234e-01,-1.132133960723876953e+00,-1.001660108566284180e+00,-1.351496219635009766e+00,7.572000026702880859e-01,-2.453980445861816406e-01,-9.199810028076171875e-02,-7.684919834136962891e-01,2.112546443939208984e+00,-1.188891887664794922e+00,7.516529411077499390e-02,-2.453980445861816406e-01,8.287787437438964844e-02,-7.854499816894531250e-01,2.112546443939208984e+00,-1.186300277709960938e+00,-7.205605506896972656e-02,1.395981788635253906e+00,-2.086658477783203125e-01,8.835420608520507812e-01,8.422079086303710938e-01,-1.998400688171386719e-02,5.079996585845947266e-02,1.607814178466796875e+02,1.328651885986328125e+02
3.880600929260253906e-01,-3.685808181762695312e-02,2.101161479949951172e-01,-1.120240688323974609e-01,-1.129065990447998047e+00,-9.985921382904052734e-01,-1.351496219635009766e+00,7.572000026702880859e-01,-2.453980445861816406e-01,-9.199810028076171875e-02,-7.684919834136962891e-01,2.112546443939208984e+00,-1.188891887664794922e+00,7.516529411077499390e-02,-2.453980445861816406e-01,8.287787437438964844e-02,-7.854499816894531250e-01,2.112546443939208984e+00,-1.186300277709960938e+00,-7.205605506896972656e-02,1.395981788635253906e+00,-2.102000713348388672e-01,8.835420608520507812e-01,8.422079086303710938e-01,-1.998400688171386719e-02,5.079996585845947266e-02,2.744870605468750000e+02,1.509545745849609375e+02
3.895940780639648438e-01,-3.685808181762695312e-02,3.558459281921386719e-01,-7.980990409851074219e-02,-1.129065990447998047e+00,-9.909219741821289062e-01,-1.354564189910888672e+00,7.572000026702880859e-01,-2.453980445861816406e-01,-9.199810028076171875e-02,-7.684919834136962891e-01,2.112546443939208984e+00,-1.188891887664794922e+00,7.516529411077499390e-02,-2.453980445861816406e-01,8.287787437438964844e-02,-7.854499816894531250e-01,2.112546443939208984e+00,-1.186300277709960938e+00,-7.205605506896972656e-02,1.395981788635253906e+00,-2.102000713348388672e-01,8.835420608520507812e-01,8.422079086303710938e-01,-1.998400688171386719e-02,5.079996585845947266e-02,2.608113708496093750e+02,2.069456787109375000e+02
3.895940780639648438e-01,-3.685808181762695312e-02,3.926620483398437500e-01,8.586215972900390625e-02,-1.144405841827392578e+00,-1.007796049118041992e+00,-1.377573966979980469e+00,7.572000026702880859e-01,-2.453980445861816406e-01,-9.199810028076171875e-02,-7.684919834136962891e-01,2.112546443939208984e+00,-1.189441919326782227e+00,7.501578330993652344e-02,-2.453980445861816406e-01,8.287787437438964844e-02,-7.854499816894531250e-01,2.112546443939208984e+00,-1.186300277709960938e+00,-7.205605506896972656e-02,1.395981788635253906e+00,-2.102000713348388672e-01,8.835420608520507812e-01,8.422079086303710938e-01,-1.998400688171386719e-02,5.079996585845947266e-02,2.024359741210937500e+02,2.037355346679687500e+02
3.895940780639648438e-01,-3.685808181762695312e-02,3.926620483398437500e-01,2.929520606994628906e-01,-1.153610229492187500e+00,-1.006262063980102539e+00,-1.379107952117919922e+00,7.572000026702880859e-01,-2.453980445861816406e-01,-9.199810028076171875e-02,-7.684919834136962891e-01,2.112546443939208984e+00,-1.188891887664794922e+00,7.516529411077499390e-02,-2.453980445861816406e-01,8.287787437438964844e-02,-7.854499816894531250e-01,2.112546443939208984e+00,-1.186300277709960938e+00,-7.205605506896972656e-02,1.395981788635253906e+00,-2.086658477783203125e-01,8.835420608520507812e-01,8.422079086303710938e-01,-1.998400688171386719e-02,5.079996585845947266e-02,1.442583770751953125e+02,1.948848419189453125e+02
3.895940780639648438e-01,-3.685808181762695312e-02,-1.575946807861328125e-03,3.681180477142333984e-01,-1.152075767517089844e+00,-1.006262063980102539e+00,-1.376039981842041016e+00,7.572000026702880859e-01,-2.453980445861816406e-01,-9.199810028076171875e-02,-7.669579982757568359e-01,2.112546443939208984e+00,-1.189441919326782227e+00,7.501578330993652344e-02,-2.453980445861816406e-01,8.287787437438964844e-02,-7.854499816894531250e-01,2.112546443939208984e+00,-1.186300277709960938e+00,-7.205605506896972656e-02,1.395981788635253906e+00,-2.102000713348388672e-01,8.835420608520507812e-01,8.422079086303710938e-01,-1.998400688171386719e-02,5.079996585845947266e-02,9.539038085937500000e+01,5.902781677246093750e+01
3.895940780639648438e-01,-3.685808181762695312e-02,-2.918791770935058594e-02,2.131841182708740234e-01,-1.149007797241210938e+00,-1.009330034255981445e+00,-1.371438026428222656e+00,7.572000026702880859e-01,-2.453980445861816406e-01,-9.199810028076171875e-02,-7.669579982757568359e-01,2.112546443939208984e+00,-1.188891887664794922e+00,7.516529411077499390e-02,-2.453980445861816406e-01,8.287787437438964844e-02,-7.854499816894531250e-01,2.112546443939208984e+00,-1.186300277709960938e+00,-7.205605506896972656e-02,1.395981788635253906e+00,-2.086658477783203125e-01,8.820080757141113281e-01,8.422079086303710938e-01,-1.998400688171386719e-02,5.120003223419189453e-02,1.398198852539062500e+02,4.302688598632812500e+01
3.895940780639648438e-01,-3.839206695556640625e-02,3.880600929260253906e-01,1.272799968719482422e-01,-1.155144214630126953e+00,-1.010864019393920898e+00,-1.382175922393798828e+00,7.572000026702880859e-01,-2.453980445861816406e-01,-9.199810028076171875e-02,-7.684919834136962891e-01,2.112546443939208984e+00,-1.189441919326782227e+00,7.501578330993652344e-02,-2.453980445861816406e-01,8.287787437438964844e-02,-7.854499816894531250e-01,2.112546443939208984e+00,-1.186300277709960938e+00,-7.205605506896972656e-02,1.395981788635253906e+00,-2.086658477783203125e-01,8.820080757141113281e-01,8.422079086303710938e-01,-1.998400688171386719e-02,5.079996585845947266e-02,1.779927520751953125e+02,2.365942077636718750e+02
3.895940780639648438e-01,-3.685808181762695312e-02,3.957300186157226562e-01,1.610281467437744141e-01,-1.153610229492187500e+00,-1.003194093704223633e+00,-1.382175922393798828e+00,7.572000026702880859e-01,-2.453980445861816406e-01,-9.199810028076171875e-02,-7.684919834136962891e-01,2.112546443939208984e+00,-1.189441919326782227e+00,7.501578330993652344e-02,-2.453980445861816406e-01,8.287787437438964844e-02,-7.854499816894531250e-01,2.112546443939208984e+00,-1.186300277709960938e+00,-7.205605506896972656e-02,1.395981788635253906e+00,-2.086658477783203125e-01,8.835420608520507812e-01,8.422079086303710938e-01,-1.998400688171386719e-02,5.120003223419189453e-02,1.779927520751953125e+02,2.365942077636718750e+02
3.895940780639648438e-01,-3.839206695556640625e-02,4.463520050048828125e-01,2.757000923156738281e-02,-1.133667945861816406e+00,-1.004728078842163086e+00,-1.380641937255859375e+00,7.572000026702880859e-01,-2.453980445861816406e-01,-9.199810028076171875e-02,-7.684919834136962891e-01,2.112546443939208984e+00,-1.189441919326782227e+00,7.501578330993652344e-02,-2.453980445861816406e-01,8.287787437438964844e-02,-7.854499816894531250e-01,2.112546443939208984e+00,-1.186300277709960938e+00,-7.205605506896972656e-02,1.395981788635253906e+00,-2.086658477783203125e-01,8.820080757141113281e-01,8.422079086303710938e-01,-1.998400688171386719e-02,5.120003223419189453e-02,1.779927520751953125e+02,2.365942077636718750e+02
3.880600929260253906e-01,-3.685808181762695312e-02,6.012859344482421875e-01,-6.177902221679687500e-03,-1.133667945861816406e+00,-9.939899444580078125e-01,-1.383709907531738281e+00,7.572000026702880859e-01,-2.453980445861816406e-01,-9.199810028076171875e-02,-7.684919834136962891e-01,2.112546443939208984e+00,-1.189441919326782227e+00,7.501578330993652344e-02,-2.453980445861816406e-01,8.287787437438964844e-02,-7.854499816894531250e-01,2.112546443939208984e+00,-1.186300277709960938e+00,-7.205605506896972656e-02,1.395981788635253906e+00,-2.086658477783203125e-01,8.820080757141113281e-01,8.422079086303710938e-01,-1.998400688171386719e-02,5.079996585845947266e-02,1.779927520751953125e+02,2.365942077636718750e+02
3.895940780639648438e-01,-3.685808181762695312e-02,7.148020267486572266e-01,1.165421009063720703e-01,-1.145939826965332031e+00,-9.909219741821289062e-01,-1.394447803497314453e+00,7.572000026702880859e-01,-2.453980445861816406e-01,-9.199810028076171875e-02,-7.684919834136962891e-01,2.112546443939208984e+00,-1.189441919326782227e+00,7.501578330993652344e-02,-2.453980445861816406e-01,8.287787437438964844e-02,-7.854499816894531250e-01,2.112546443939208984e+00,-1.186300277709960938e+00,-7.205605506896972656e-02,1.395981788635253906e+00,-2.086658477783203125e-01,8.835420608520507812e-01,8.422079086303710938e-01,-1.998400688171386719e-02,5.079996585845947266e-02,1.779927520751953125e+02,2.365942077636718750e+02
3.895940780639648438e-01,-3.685808181762695312e-02,5.138480663299560547e-01,1.717660427093505859e-01,-1.153610229492187500e+00,-9.893879890441894531e-01,-1.377573966979980469e+00,7.572000026702880859e-01,-2.453980445861816406e-01,-9.199810028076171875e-02,-7.684919834136962891e-01,2.112546443939208984e+00,-1.189441919326782227e+00,7.501578330993652344e-02,-2.453980445861816406e-01,8.287787437438964844e-02,-7.854499816894531250e-01,2.112546443939208984e+00,-1.186300277709960938e+00,-7.205605506896972656e-02,1.395981788635253906e+00,-2.086658477783203125e-01,8.835420608520507812e-01,8.422079086303710938e-01,-1.998400688171386719e-02,5.079996585845947266e-02,1.779927520751953125e+02,2.365942077636718750e+02
3.880600929260253906e-01,-3.685808181762695312e-02,5.153820514678955078e-01,1.671640872955322266e-01,-1.152075767517089844e+00,-9.909219741821289062e-01,-1.377573966979980469e+00,7.572000026702880859e-01,-2.453980445861816406e-01,-9.199810028076171875e-02,-7.684919834136962891e-01,2.112546443939208984e+00,-1.188891887664794922e+00,7.516529411077499390e-02,-2.453980445861816406e-01,8.287787437438964844e-02,-7.854499816894531250e-01,2.112546443939208984e+00,-1.186300277709960938e+00,-7.205605506896972656e-02,1.395981788635253906e+00,-2.086658477783203125e-01,8.820080757141113281e-01,8.422079086303710938e-01,-1.998400688171386719e-02,5.079996585845947266e-02,1.696570739746093750e+02,2.357961578369140625e+02
3.895940780639648438e-01,-3.685808181762695312e-02,5.138480663299560547e-01,1.671640872955322266e-01,-1.152075767517089844e+00,-9.909219741821289062e-01,-1.377573966979980469e+00,7.572000026702880859e-01,-2.453980445861816406e-01,-9.199810028076171875e-02,-7.700259685516357422e-01,2.112546443939208984e+00,-1.188891887664794922e+00,7.516529411077499390e-02,-2.453980445861816406e-01,8.287787437438964844e-02,-7.854499816894531250e-01,2.112546443939208984e+00,-1.186300277709960938e+00,-7.205605506896972656e-02,1.395981788635253906e+00,-2.086658477783203125e-01,8.835420608520507812e-01,8.422079086303710938e-01,-1.998400688171386719e-02,5.079996585845947266e-02,1.702269439697265625e+02,2.355549621582031250e+02
3.895940780639648438e-01,-3.839206695556640625e-02,4.708960056304931641e-01,1.533579826354980469e-01,-1.155144214630126953e+00,-1.013931989669799805e+00,-1.376039981842041016e+00,7.572000026702880859e-01,-2.453980445861816406e-01,-9.199810028076171875e-02,-7.669579982757568359e-01,2.112546443939208984e+00,-1.188891887664794922e+00,7.516529411077499390e-02,-2.453980445861816406e-01,8.287787437438964844e-02,-7.854499816894531250e-01,2.112546443939208984e+00,-1.186300277709960938e+00,-7.205605506896972656e-02,1.395981788635253906e+00,-2.102000713348388672e-01,8.835420608520507812e-01,8.406739234924316406e-01,-1.998400688171386719e-02,5.079996585845947266e-02,1.739474029541015625e+02,2.064322204589843750e+02
3.880600929260253906e-01,-3.839206695556640625e-02,4.770319461822509766e-01,1.779019832611083984e-01,-1.156678199768066406e+00,-1.007796049118041992e+00,-1.376039981842041016e+00,7.572000026702880859e-01,-2.453980445861816406e-01,-9.199810028076171875e-02,-7.684919834136962891e-01,2.112546443939208984e+00,-1.189441919326782227e+00,7.501578330993652344e-02,-2.453980445861816406e-01,8.287787437438964844e-02,-7.854499816894531250e-01,2.112546443939208984e+00,-1.186300277709960938e+00,-7.205605506896972656e-02,1.395981788635253906e+00,-2.086658477783203125e-01,8.835420608520507812e-01,8.422079086303710938e-01,-1.998400688171386719e-02,5.079996585845947266e-02,1.655206604003906250e+02,2.137855224609375000e+02
3.895940780639648438e-01,-3.685808181762695312e-02,5.031099319458007812e-01,1.410861015319824219e-01,-1.156678199768066406e+00,-1.001660108566284180e+00,-1.392913818359375000e+00,7.572000026702880859e-01,-2.453980445861816406e-01,-9.199810028076171875e-02,-7.684919834136962891e-01,2.112546443939208984e+00,-1.188891887664794922e+00,7.516529411077499390e-02,-2.453980445861816406e-01,8.287787437438964844e-02,-7.854499816894531250e-01,2.112546443939208984e+00,-1.186300277709960938e+00,-7.205605506896972656e-02,1.395981788635253906e+00,-2.102000713348388672e-01,8.835420608520507812e-01,8.422079086303710938e-01,-1.998400688171386719e-02,5.079996585845947266e-02,1.780946807861328125e+02,2.302922668457031250e+02
3.895940780639648438e-01,9.199810028076171875e-02,5.337901115417480469e-01,3.144280910491943359e-01,-1.153610229492187500e+00,-9.985921382904052734e-01,-1.445069789886474609e+00,7.572000026702880859e-01,-2.453980445861816406e-01,-9.199810028076171875e-02,-7.684919834136962891e-01,2.112546443939208984e+00,-1.188891887664794922e+00,7.516529411077499390e-02,-2.453980445861816406e-01,8.287787437438964844e-02,-7.854499816894531250e-01,2.112546443939208984e+00,-1.185740113258361816e+00,-7.205605506896972656e-02,1.395981788635253906e+00,-2.102000713348388672e-01,8.820080757141113281e-01,8.422079086303710938e-01,-1.998400688171386719e-02,5.120003223419189453e-02,1.455014343261718750e+02,1.969376831054687500e+02
3.895940780639648438e-01,9.199810028076171875e-02,5.153820514678955078e-01,3.650500774383544922e-01,-1.153610229492187500e+00,-9.985921382904052734e-01,-1.366836071014404297e+00,7.572000026702880859e-01,-2.453980445861816406e-01,-9.199810028076171875e-02,-7.684919834136962891e-01,2.112546443939208984e+00,-1.188891887664794922e+00,7.516529411077499390e-02,-2.453980445861816406e-01,8.287787437438964844e-02,-7.854499816894531250e-01,2.112546443939208984e+00,-1.186300277709960938e+00,-7.205605506896972656e-02,1.395981788635253906e+00,-2.086658477783203125e-01,8.820080757141113281e-01,8.422079086303710938e-01,-1.998400688171386719e-02,5.120003223419189453e-02,1.272165069580078125e+02,1.808585968017578125e+02
3.895940780639648438e-01,9.199810028076171875e-02,4.754979610443115234e-01,4.724299907684326172e-01,-1.153610229492187500e+00,-9.985921382904052734e-01,-1.368370056152343750e+00,7.572000026702880859e-01,-2.453980445861816406e-01,-9.199810028076171875e-02,-7.684919834136962891e-01,2.112546443939208984e+00,-1.188891887664794922e+00,7.516529411077499390e-02,-2.453980445861816406e-01,8.287787437438964844e-02,-7.854499816894531250e-01,2.112546443939208984e+00,-1.186300277709960938e+00,-7.205605506896972656e-02,1.395981788635253906e+00,-2.102000713348388672e-01,8.820080757141113281e-01,8.422079086303710938e-01,-1.998400688171386719e-02,5.079996585845947266e-02,9.936380767822265625e+01,1.631266632080078125e+02
3.895940780639648438e-01,9.199810028076171875e-02,3.972640037536621094e-01,5.890140533447265625e-01,-1.153610229492187500e+00,-9.985921382904052734e-01,-1.366836071014404297e+00,7.572000026702880859e-01,-2.453980445861816406e-01,-9.199810028076171875e-02,-7.684919834136962891e-01,2.112546443939208984e+00,-1.189441919326782227e+00,7.501578330993652344e-02,-2.453980445861816406e-01,8.287787437438964844e-02,-7.854499816894531250e-01,2.112546443939208984e+00,-1.186300277709960938e+00,-7.205605506896972656e-02,1.395981788635253906e+00,-2.102000713348388672e-01,8.835420608520507812e-01,8.422079086303710938e-01,-1.998400688171386719e-02,5.079996585845947266e-02,7.208895111083984375e+01,1.364576721191406250e+02
3.895940780639648438e-01,9.199810028076171875e-02,2.760779857635498047e-01,6.120240688323974609e-01,-1.153610229492187500e+00,-9.985921382904052734e-01,-1.372972011566162109e+00,7.572000026702880859e-01,-2.453980445861816406e-01,-9.199810028076171875e-02,-7.684919834136962891e-01,2.112546443939208984e+00,-1.188891887664794922e+00,7.516529411077499390e-02,-2.453980445861816406e-01,8.287787437438964844e-02,-7.854499816894531250e-01,2.112546443939208984e+00,-1.186300277709960938e+00,-7.205605506896972656e-02,1.395981788635253906e+00,-2.102000713348388672e-01,8.820080757141113281e-01,8.422079086303710938e-01,-1.998400688171386719e-02,5.120003223419189453e-02,5.135806655883789062e+01,1.018568878173828125e+02
3.895940780639648438e-01,9.046411514282226562e-02,1.533579826354980469e-01,5.199840068817138672e-01,-1.133667945861816406e+00,-1.010864019393920898e+00,-1.369904041290283203e+00,7.572000026702880859e-01,-2.453980445861816406e-01,-9.199810028076171875e-02,-7.684919834136962891e-01,2.112546443939208984e+00,-1.189441919326782227e+00,7.501578330993652344e-02,-2.453980445861816406e-01,8.287787437438964844e-02,-7.869839668273925781e-01,2.112546443939208984e+00,-1.186300277709960938e+00,-7.205605506896972656e-02,1.395981788635253906e+00,-2.086658477783203125e-01,8.820080757141113281e-01,8.422079086303710938e-01,-1.998400688171386719e-02,5.079996585845947266e-02,7.144822692871093750e+01,6.896459960937500000e+01
3.849921226501464844e-01,1.196100711822509766e-01,4.770319461822509766e-01,4.402160644531250000e-01,-1.130599975585937500e+00,-1.012398004531860352e+00,-1.346893787384033203e+00,7.572000026702880859e-01,-2.453980445861816406e-01,-9.199810028076171875e-02,-7.684919834136962891e-01,2.112546443939208984e+00,-1.188891887664794922e+00,7.516529411077499390e-02,-2.453980445861816406e-01,8.287787437438964844e-02,-7.854499816894531250e-01,2.112546443939208984e+00,-1.186300277709960938e+00,-7.205605506896972656e-02,1.395981788635253906e+00,-2.102000713348388672e-01,8.820080757141113281e-01,8.422079086303710938e-01,-1.998400688171386719e-02,5.079996585845947266e-02,1.080711441040039062e+02,1.550087890625000000e+02
3.849921226501464844e-01,1.196100711822509766e-01,4.754979610443115234e-01,1.012020111083984375e-01,-1.129065990447998047e+00,-1.013931989669799805e+00,-1.346893787384033203e+00,7.572000026702880859e-01,-2.453980445861816406e-01,-9.199810028076171875e-02,-7.684919834136962891e-01,2.112546443939208984e+00,-1.188891887664794922e+00,7.516529411077499390e-02,-2.453980445861816406e-01,8.287787437438964844e-02,-7.854499816894531250e-01,2.112546443939208984e+00,-1.185740113258361816e+00,-7.205605506896972656e-02,1.395981788635253906e+00,-2.102000713348388672e-01,8.835420608520507812e-01,8.422079086303710938e-01,-1.998400688171386719e-02,5.079996585845947266e-02,1.985639343261718750e+02,1.681995086669921875e+02
3.849921226501464844e-01,1.196100711822509766e-01,2.745440006256103516e-01,1.441540718078613281e-01,-1.149007797241210938e+00,-1.007796049118041992e+00,-1.449672222137451172e+00,7.572000026702880859e-01,-2.453980445861816406e-01,-9.199810028076171875e-02,-7.684919834136962891e-01,2.112546443939208984e+00,-1.188891887664794922e+00,7.516529411077499390e-02,-2.453980445861816406e-01,8.287787437438964844e-02,-7.854499816894531250e-01,2.112546443939208984e+00,-1.186300277709960938e+00,-7.205605506896972656e-02,1.395981788635253906e+00,-2.102000713348388672e-01,8.835420608520507812e-01,8.422079086303710938e-01,-1.998400688171386719e-02,5.079996585845947266e-02,1.801792449951171875e+02,9.484119415283203125e+01
3.849921226501464844e-01,1.196100711822509766e-01,2.331261634826660156e-01,1.502900123596191406e-01,-1.142871856689453125e+00,-1.012398004531860352e+00,-1.354564189910888672e+00,7.572000026702880859e-01,-2.453980445861816406e-01,-9.199810028076171875e-02,-7.684919834136962891e-01,2.112546443939208984e+00,-1.188891887664794922e+00,7.516529411077499390e-02,-2.453980445861816406e-01,8.287787437438964844e-02,-7.854499816894531250e-01,2.112546443939208984e+00,-1.185740113258361816e+00,-7.205605506896972656e-02,1.395981788635253906e+00,-2.086658477783203125e-01,8.835420608520507812e-01,8.422079086303710938e-01,-1.998400688171386719e-02,5.079996585845947266e-02,1.755933227539062500e+02,8.039374542236328125e+01
3.865261077880859375e-01,1.196100711822509766e-01,3.849921226501464844e-01,1.533579826354980469e-01,-1.150541782379150391e+00,-1.001660108566284180e+00,-1.376039981842041016e+00,7.572000026702880859e-01,-2.453980445861816406e-01,-9.199810028076171875e-02,-7.700259685516357422e-01,2.112546443939208984e+00,-1.189441919326782227e+00,7.501578330993652344e-02,-2.453980445861816406e-01,8.287787437438964844e-02,-7.869839668273925781e-01,2.112546443939208984e+00,-1.185740113258361816e+00,-7.205605506896972656e-02,1.395981788635253906e+00,-2.086658477783203125e-01,8.835420608520507812e-01,8.422079086303710938e-01,-1.998400688171386719e-02,5.079996585845947266e-02,1.771028747558593750e+02,1.419625549316406250e+02
3.865261077880859375e-01,1.196100711822509766e-01,4.524879455566406250e-01,1.487560272216796875e-01,-1.149007797241210938e+00,-1.006262063980102539e+00,-1.376039981842041016e+00,7.572000026702880859e-01,-2.453980445861816406e-01,-9.199810028076171875e-02,-7.700259685516357422e-01,2.112546443939208984e+00,-1.189441919326782227e+00,7.501578330993652344e-02,-2.453980445861816406e-01,8.287787437438964844e-02,-7.854499816894531250e-01,2.112546443939208984e+00,-1.185740113258361816e+00,-7.205605506896972656e-02,1.395981788635253906e+00,-2.086658477783203125e-01,8.835420608520507812e-01,8.422079086303710938e-01,-1.998400688171386719e-02,5.079996585845947266e-02,1.801928710937500000e+02,1.639665222167968750e+02
3.880600929260253906e-01,1.196100711822509766e-01,3.788559436798095703e-01,1.334159374237060547e-01,-1.150541782379150391e+00,-1.006262063980102539e+00,-1.376039981842041016e+00,7.572000026702880859e-01,-2.453980445861816406e-01,-9.199810028076171875e-02,-7.684919834136962891e-01,2.112546443939208984e+00,-1.189441919326782227e+00,7.501578330993652344e-02,-2.453980445861816406e-01,8.287787437438964844e-02,-7.854499816894531250e-01,2.112546443939208984e+00,-1.186300277709960938e+00,-7.205605506896972656e-02,1.395981788635253906e+00,-2.086658477783203125e-01,8.820080757141113281e-01,8.422079086303710938e-01,-1.998400688171386719e-02,5.079996585845947266e-02,1.785515136718750000e+02,1.283707733154296875e+02
3.865261077880859375e-01,1.196100711822509766e-01,3.711860179901123047e-01,2.561359405517578125e-01,-1.150541782379150391e+00,-1.006262063980102539e+00,-1.376039981842041016e+00,7.572000026702880859e-01,-2.453980445861816406e-01,-9.199810028076171875e-02,-7.684919834136962891e-01,2.112546443939208984e+00,-1.189441919326782227e+00,7.501578330993652344e-02,-2.453980445861816406e-01,8.287787437438964844e-02,-7.854499816894531250e-01,2.112546443939208984e+00,-1.185740113258361816e+00,-7.205605506896972656e-02,1.395981788635253906e+00,-2.102000713348388672e-01,8.820080757141113281e-01,8.422079086303710938e-01,-1.998400688171386719e-02,5.120003223419189453e-02,1.478531494140625000e+02,1.257920684814453125e+02
3.865261077880859375e-01,1.196100711822509766e-01,3.773219585418701172e-01,4.033999443054199219e-01,-1.150541782379150391e+00,-9.893879890441894531e-01,-1.383709907531738281e+00,7.572000026702880859e-01,-2.453980445861816406e-01,-9.199810028076171875e-02,-7.684919834136962891e-01,2.112546443939208984e+00,-1.189441919326782227e+00,7.501578330993652344e-02,-2.453980445861816406e-01,8.287787437438964844e-02,-7.854499816894531250e-01,2.112546443939208984e+00,-1.186300277709960938e+00,-7.205605506896972656e-02,1.395981788635253906e+00,-2.086658477783203125e-01,8.820080757141113281e-01,8.422079086303710938e-01,-1.998400688171386719e-02,5.079996585845947266e-02,1.114752349853515625e+02,1.300075836181640625e+02
3.865261077880859375e-01,1.196100711822509766e-01,3.727200031280517578e-01,6.181600093841552734e-01,-1.152075767517089844e+00,-9.878540039062500000e-01,-1.386777877807617188e+00,7.572000026702880859e-01,-2.453980445861816406e-01,-9.199810028076171875e-02,-7.684919834136962891e-01,2.112546443939208984e+00,-1.189441919326782227e+00,7.501578330993652344e-02,-2.453980445861816406e-01,8.287787437438964844e-02,-7.869839668273925781e-01,2.112546443939208984e+00,-1.186300277709960938e+00,-7.205605506896972656e-02,1.395981788635253906e+00,-2.086658477783203125e-01,8.835420608520507812e-01,8.406739234924316406e-01,-1.998400688171386719e-02,5.079996585845947266e-02,5.189894104003906250e+01,1.186487960815429688e+02
3.865261077880859375e-01,1.196100711822509766e-01,2.975540161132812500e-01,2.561359405517578125e-01,-1.149007797241210938e+00,-1.001660108566284180e+00,-1.380641937255859375e+00,7.572000026702880859e-01,-2.453980445861816406e-01,-9.199810028076171875e-02,-7.669579982757568359e-01,2.112546443939208984e+00,-1.189441919326782227e+00,7.501578330993652344e-02,-2.453980445861816406e-01,8.287787437438964844e-02,-7.854499816894531250e-01,2.112546443939208984e+00,-1.185740113258361816e+00,-7.205605506896972656e-02,1.395981788635253906e+00,-2.086658477783203125e-01,8.835420608520507812e-01,8.422079086303710938e-01,-1.998400688171386719e-02,5.079996585845947266e-02,1.430055999755859375e+02,1.021198196411132812e+02
3.865261077880859375e-01,1.196100711822509766e-01,2.868161201477050781e-01,4.137611389160156250e-02,-1.130599975585937500e+00,-1.006262063980102539e+00,-1.372972011566162109e+00,7.572000026702880859e-01,-2.453980445861816406e-01,-9.199810028076171875e-02,-7.669579982757568359e-01,2.112546443939208984e+00,-1.188891887664794922e+00,7.516529411077499390e-02,-2.453980445861816406e-01,8.287787437438964844e-02,-7.854499816894531250e-01,2.112546443939208984e+00,-1.185740113258361816e+00,-7.205605506896972656e-02,1.395981788635253906e+00,-2.102000713348388672e-01,8.820080757141113281e-01,8.422079086303710938e-01,-1.998400688171386719e-02,5.079996585845947266e-02,2.206856994628906250e+02,1.077847671508789062e+02
3.865261077880859375e-01,1.196100711822509766e-01,2.806799411773681641e-01,-7.520794868469238281e-02,-1.129065990447998047e+00,-1.001660108566284180e+00,-1.342291831970214844e+00,7.572000026702880859e-01,-2.453980445861816406e-01,-9.199810028076171875e-02,-7.669579982757568359e-01,2.112546443939208984e+00,-1.188891887664794922e+00,7.516529411077499390e-02,-2.453980445861816406e-01,8.287787437438964844e-02,-7.854499816894531250e-01,2.112546443939208984e+00,-1.185740113258361816e+00,-7.205605506896972656e-02,1.395981788635253906e+00,-2.086658477783203125e-01,8.820080757141113281e-01,8.422079086303710938e-01,-1.998400688171386719e-02,5.079996585845947266e-02,2.609598388671875000e+02,1.080999984741210938e+02
3.865261077880859375e-01,1.196100711822509766e-01,1.165421009063720703e-01,-5.986785888671875000e-02,-1.127532005310058594e+00,-1.003194093704223633e+00,-1.342291831970214844e+00,7.572000026702880859e-01,-2.453980445861816406e-01,-9.199810028076171875e-02,-7.669579982757568359e-01,2.112546443939208984e+00,-1.188891887664794922e+00,7.516529411077499390e-02,-2.453980445861816406e-01,8.287787437438964844e-02,-7.854499816894531250e-01,2.112546443939208984e+00,-1.185740113258361816e+00,-7.205605506896972656e-02,1.395981788635253906e+00,-2.102000713348388672e-01,8.820080757141113281e-01,8.422079086303710938e-01,-1.998400688171386719e-02,5.079996585845947266e-02,2.512209320068359375e+02,3.791565704345703125e+01
3.865261077880859375e-01,1.196100711822509766e-01,1.150081157684326172e-01,-1.473059654235839844e-01,-1.124464035034179688e+00,-1.004728078842163086e+00,-1.342291831970214844e+00,7.572000026702880859e-01,-2.453980445861816406e-01,-9.199810028076171875e-02,-7.669579982757568359e-01,2.112546443939208984e+00,-1.188891887664794922e+00,7.516529411077499390e-02,-2.453980445861816406e-01,8.287787437438964844e-02,-7.854499816894531250e-01,2.112546443939208984e+00,-1.185740113258361816e+00,-7.205605506896972656e-02,1.395981788635253906e+00,-2.102000713348388672e-01,8.835420608520507812e-01,8.422079086303710938e-01,-1.998400688171386719e-02,5.079996585845947266e-02,3.002819824218750000e+02,3.004088592529296875e+01
3.880600929260253906e-01,1.196100711822509766e-01,2.607381343841552734e-01,-1.012859344482421875e-01,-1.125998020172119141e+00,-1.004728078842163086e+00,-1.342291831970214844e+00,7.572000026702880859e-01,-2.453980445861816406e-01,-9.199810028076171875e-02,-7.684919834136962891e-01,2.112546443939208984e+00,-1.188891887664794922e+00,7.516529411077499390e-02,-2.453980445861816406e-01,8.287787437438964844e-02,-7.854499816894531250e-01,2.112546443939208984e+00,-1.185740113258361816e+00,-7.205605506896972656e-02,1.395981788635253906e+00,-2.086658477783203125e-01,8.835420608520507812e-01,8.422079086303710938e-01,-1.998400688171386719e-02,5.079996585845947266e-02,2.699968261718750000e+02,1.047355499267578125e+02
3.865261077880859375e-01,1.196100711822509766e-01,3.589141368865966797e-01,-5.219793319702148438e-02,-1.125998020172119141e+00,-1.003194093704223633e+00,-1.357632160186767578e+00,7.572000026702880859e-01,-2.453980445861816406e-01,-9.199810028076171875e-02,-7.684919834136962891e-01,2.112546443939208984e+00,-1.188891887664794922e+00,7.516529411077499390e-02,-2.453980445861816406e-01,8.287787437438964844e-02,-7.854499816894531250e-01,2.112546443939208984e+00,-1.185740113258361816e+00,-7.205605506896972656e-02,1.395981788635253906e+00,-2.086658477783203125e-01,8.820080757141113281e-01,8.422079086303710938e-01,-1.998400688171386719e-02,5.079996585845947266e-02,2.565760498046875000e+02,1.507403259277343750e+02
3.880600929260253906e-01,1.196100711822509766e-01,3.941960334777832031e-01,1.058039665222167969e-01,-1.124464035034179688e+00,-1.003194093704223633e+00,-1.313146114349365234e+00,7.572000026702880859e-01,-2.453980445861816406e-01,-9.199810028076171875e-02,-7.684919834136962891e-01,2.112546443939208984e+00,-1.188891887664794922e+00,7.516529411077499390e-02,-2.453980445861816406e-01,8.287787437438964844e-02,-7.854499816894531250e-01,2.112546443939208984e+00,-1.186300277709960938e+00,-7.205605506896972656e-02,1.395981788635253906e+00,-2.102000713348388672e-01,8.820080757141113281e-01,8.406739234924316406e-01,-1.998400688171386719e-02,5.079996585845947266e-02,2.055499267578125000e+02,1.564352264404296875e+02
3.865261077880859375e-01,1.196100711822509766e-01,4.233419895172119141e-01,2.085819244384765625e-01,-1.122930049896240234e+00,-1.003194093704223633e+00,-1.313146114349365234e+00,7.572000026702880859e-01,-2.453980445861816406e-01,-9.199810028076171875e-02,-7.684919834136962891e-01,2.112546443939208984e+00,-1.188891887664794922e+00,7.516529411077499390e-02,-2.453980445861816406e-01,8.287787437438964844e-02,-7.854499816894531250e-01,2.112546443939208984e+00,-1.186300277709960938e+00,-7.205605506896972656e-02,1.395981788635253906e+00,-2.086658477783203125e-01,8.820080757141113281e-01,8.422079086303710938e-01,-1.998400688171386719e-02,5.120003223419189453e-02,1.761475982666015625e+02,1.632174377441406250e+02
3.865261077880859375e-01,1.196100711822509766e-01,5.199840068817138672e-01,3.067579269409179688e-01,-1.122930049896240234e+00,-9.970581531524658203e-01,-1.313146114349365234e+00,7.572000026702880859e-01,-2.453980445861816406e-01,-9.199810028076171875e-02,-7.715599536895751953e-01,2.112546443939208984e+00,-1.189441919326782227e+00,7.501578330993652344e-02,-2.453980445861816406e-01,8.287787437438964844e-02,-7.869839668273925781e-01,2.112546443939208984e+00,-1.186300277709960938e+00,-7.205605506896972656e-02,1.395981788635253906e+00,-2.086658477783203125e-01,8.835420608520507812e-01,8.422079086303710938e-01,-1.998400688171386719e-02,5.079996585845947266e-02,1.499123992919921875e+02,1.877875061035156250e+02
3.865261077880859375e-01,1.196100711822509766e-01,5.230519771575927734e-01,4.218080043792724609e-01,-1.122930049896240234e+00,-9.970581531524658203e-01,-1.313146114349365234e+00,7.572000026702880859e-01,-2.453980445861816406e-01,-9.199810028076171875e-02,-7.700259685516357422e-01,2.112546443939208984e+00,-1.189441919326782227e+00,7.501578330993652344e-02,-2.453980445861816406e-01,8.287787437438964844e-02,-7.854499816894531250e-01,2.112546443939208984e+00,-1.186300277709960938e+00,-7.205605506896972656e-02,1.395981788635253906e+00,-2.086658477783203125e-01,8.820080757141113281e-01,8.422079086303710938e-01,-1.998400688171386719e-02,5.079996585845947266e-02,1.209194183349609375e+02,1.832942962646484375e+02
3.865261077880859375e-01,1.196100711822509766e-01,4.708960056304931641e-01,4.969739913940429688e-01,-1.122930049896240234e+00,-9.970581531524658203e-01,-1.311612129211425781e+00,7.572000026702880859e-01,-2.453980445861816406e-01,-9.199810028076171875e-02,-7.684919834136962891e-01,2.112546443939208984e+00,-1.189441919326782227e+00,7.501578330993652344e-02,-2.453980445861816406e-01,8.287787437438964844e-02,-7.854499816894531250e-01,2.112546443939208984e+00,-1.186300277709960938e+00,-7.205605506896972656e-02,1.395981788635253906e+00,-2.102000713348388672e-01,8.835420608520507812e-01,8.422079086303710938e-01,-1.998400688171386719e-02,5.079996585845947266e-02,1.005158615112304688e+02,1.569584045410156250e+02
3.865261077880859375e-01,1.196100711822509766e-01,3.650500774383544922e-01,4.954400062561035156e-01,-1.122930049896240234e+00,-1.012398004531860352e+00,-1.311612129211425781e+00,7.572000026702880859e-01,-2.453980445861816406e-01,-9.199810028076171875e-02,-7.669579982757568359e-01,2.112546443939208984e+00,-1.189441919326782227e+00,7.501578330993652344e-02,-2.453980445861816406e-01,8.287787437438964844e-02,-7.854499816894531250e-01,2.112546443939208984e+00,-1.186300277709960938e+00,-7.205605506896972656e-02,1.395981788635253906e+00,-2.102000713348388672e-01,8.835420608520507812e-01,8.422079086303710938e-01,-1.998400688171386719e-02,5.079996585845947266e-02,9.915395355224609375e+01,1.246887969970703125e+02
3.865261077880859375e-01,1.196100711822509766e-01,2.546019554138183594e-01,4.555561542510986328e-01,-1.122930049896240234e+00,-1.015465974807739258e+00,-1.311612129211425781e+00,7.572000026702880859e-01,-2.453980445861816406e-01,-9.199810028076171875e-02,-7.669579982757568359e-01,2.112546443939208984e+00,-1.188891887664794922e+00,7.516529411077499390e-02,-2.453980445861816406e-01,8.287787437438964844e-02,-7.854499816894531250e-01,2.112546443939208984e+00,-1.186300277709960938e+00,-7.205605506896972656e-02,1.395981788635253906e+00,-2.086658477783203125e-01,8.835420608520507812e-01,8.422079086303710938e-01,-1.998400688171386719e-02,5.079996585845947266e-02,1.040021133422851562e+02,9.115885162353515625e+01
3.865261077880859375e-01,1.196100711822509766e-01,1.456880569458007812e-01,4.340801239013671875e-01,-1.122930049896240234e+00,-1.015465974807739258e+00,-1.311612129211425781e+00,7.572000026702880859e-01,-2.453980445861816406e-01,-9.199810028076171875e-02,-7.669579982757568359e-01,2.112546443939208984e+00,-1.188891887664794922e+00,7.516529411077499390e-02,-2.453980445861816406e-01,8.287787437438964844e-02,-7.854499816894531250e-01,2.112546443939208984e+00,-1.186300277709960938e+00,-7.205605506896972656e-02,1.395981788635253906e+00,-2.086658477783203125e-01,8.835420608520507812e-01,8.422079086303710938e-01,-1.998400688171386719e-02,5.079996585845947266e-02,9.969631958007812500e+01,5.151426315307617188e+01
3.865261077880859375e-01,1.196100711822509766e-01,1.426200866699218750e-01,3.205640316009521484e-01,-1.132133960723876953e+00,-1.004728078842163086e+00,-1.394447803497314453e+00,7.572000026702880859e-01,-2.453980445861816406e-01,-9.199810028076171875e-02,-7.684919834136962891e-01,2.112546443939208984e+00,-1.188891887664794922e+00,7.516529411077499390e-02,-2.453980445861816406e-01,8.287787437438964844e-02,-7.854499816894531250e-01,2.112546443939208984e+00,-1.186300277709960938e+00,-7.205605506896972656e-02,1.395981788635253906e+00,-2.086658477783203125e-01,8.820080757141113281e-01,8.406739234924316406e-01,-1.998400688171386719e-02,5.079996585845947266e-02,1.262750473022460938e+02,5.436018371582031250e+01
3.880600929260253906e-01,1.196100711822509766e-01,1.426200866699218750e-01,3.128941059112548828e-01,-1.130599975585937500e+00,-1.009330034255981445e+00,-1.357632160186767578e+00,7.572000026702880859e-01,-2.453980445861816406e-01,-9.199810028076171875e-02,-7.684919834136962891e-01,2.112546443939208984e+00,-1.188891887664794922e+00,7.516529411077499390e-02,-2.453980445861816406e-01,8.287787437438964844e-02,-7.854499816894531250e-01,2.112546443939208984e+00,-1.185740113258361816e+00,-7.205605506896972656e-02,1.395981788635253906e+00,-2.086658477783203125e-01,8.835420608520507812e-01,8.422079086303710938e-01,-1.998400688171386719e-02,5.079996585845947266e-02,1.310937957763671875e+02,5.372458267211914062e+01
3.865261077880859375e-01,1.196100711822509766e-01,1.380181312561035156e-01,3.681180477142333984e-01,-1.130599975585937500e+00,-1.007796049118041992e+00,-1.354564189910888672e+00,7.572000026702880859e-01,-2.453980445861816406e-01,-9.199810028076171875e-02,-7.684919834136962891e-01,2.112546443939208984e+00,-1.188891887664794922e+00,7.516529411077499390e-02,-2.453980445861816406e-01,8.287787437438964844e-02,-7.854499816894531250e-01,2.112546443939208984e+00,-1.186300277709960938e+00,-7.205605506896972656e-02,1.395981788635253906e+00,-2.102000713348388672e-01,8.835420608520507812e-01,8.422079086303710938e-01,-1.998400688171386719e-02,5.120003223419189453e-02,1.117901763916015625e+02,5.080677413940429688e+01
3.865261077880859375e-01,1.196100711822509766e-01,1.380181312561035156e-01,5.169160366058349609e-01,-1.130599975585937500e+00,-1.007796049118041992e+00,-1.354564189910888672e+00,7.572000026702880859e-01,-2.453980445861816406e-01,-9.199810028076171875e-02,-7.684919834136962891e-01,2.112546443939208984e+00,-1.188891887664794922e+00,7.516529411077499390e-02,-2.453980445861816406e-01,8.287787437438964844e-02,-7.854499816894531250e-01,2.112546443939208984e+00,-1.186300277709960938e+00,-7.205605506896972656e-02,1.395981788635253906e+00,-2.086658477783203125e-01,8.835420608520507812e-01,8.422079086303710938e-01,-1.998400688171386719e-02,5.079996585845947266e-02,7.134122467041015625e+01,5.293806838989257812e+01
3.865261077880859375e-01,1.196100711822509766e-01,1.272799968719482422e-01,2.622721195220947266e-01,-1.130599975585937500e+00,-1.010864019393920898e+00,-1.354564189910888672e+00,7.572000026702880859e-01,-2.453980445861816406e-01,-9.199810028076171875e-02,-7.684919834136962891e-01,2.112546443939208984e+00,-1.188891887664794922e+00,7.516529411077499390e-02,-2.453980445861816406e-01,8.287787437438964844e-02,-7.854499816894531250e-01,2.112546443939208984e+00,-1.186300277709960938e+00,-7.205605506896972656e-02,1.395981788635253906e+00,-2.102000713348388672e-01,8.835420608520507812e-01,8.422079086303710938e-01,-1.998400688171386719e-02,5.079996585845947266e-02,1.403445281982421875e+02,4.650967788696289062e+01
3.865261077880859375e-01,1.196100711822509766e-01,1.303479671478271484e-01,1.226780414581298828e-01,-1.129065990447998047e+00,-1.012398004531860352e+00,-1.354564189910888672e+00,7.572000026702880859e-01,-2.453980445861816406e-01,-9.199810028076171875e-02,-7.684919834136962891e-01,2.112546443939208984e+00,-1.189441919326782227e+00,7.501578330993652344e-02,-2.453980445861816406e-01,8.287787437438964844e-02,-7.854499816894531250e-01,2.112546443939208984e+00,-1.186300277709960938e+00,-7.205605506896972656e-02,1.395981788635253906e+00,-2.086658477783203125e-01,8.820080757141113281e-01,8.422079086303710938e-01,-1.998400688171386719e-02,5.079996585845947266e-02,1.860585174560546875e+02,4.657995605468750000e+01
3.865261077880859375e-01,1.196100711822509766e-01,3.036899566650390625e-01,1.836609840393066406e-02,-1.119862079620361328e+00,-1.012398004531860352e+00,-1.330019950866699219e+00,7.572000026702880859e-01,-2.453980445861816406e-01,-9.199810028076171875e-02,-7.684919834136962891e-01,2.112546443939208984e+00,-1.188891887664794922e+00,7.516529411077499390e-02,-2.453980445861816406e-01,8.287787437438964844e-02,-7.854499816894531250e-01,2.112546443939208984e+00,-1.186300277709960938e+00,-7.205605506896972656e-02,1.395981788635253906e+00,-2.102000713348388672e-01,8.835420608520507812e-01,8.422079086303710938e-01,-1.998400688171386719e-02,5.079996585845947266e-02,2.318915557861328125e+02,1.242789764404296875e+02
3.865261077880859375e-01,1.196100711822509766e-01,3.297679424285888672e-01,3.830814361572265625e-02,-1.119862079620361328e+00,-1.010864019393920898e+00,-1.330019950866699219e+00,7.572000026702880859e-01,-2.453980445861816406e-01,-9.199810028076171875e-02,-7.684919834136962891e-01,2.112546443939208984e+00,-1.189441919326782227e+00,7.501578330993652344e-02,-2.453980445861816406e-01,8.287787437438964844e-02,-7.854499816894531250e-01,2.112546443939208984e+00,-1.186300277709960938e+00,-7.205605506896972656e-02,1.395981788635253906e+00,-2.102000713348388672e-01,8.835420608520507812e-01,8.422079086303710938e-01,-1.998400688171386719e-02,5.079996585845947266e-02,2.247802886962890625e+02,1.301610870361328125e+02
3.865261077880859375e-01,1.196100711822509766e-01,3.573801517486572266e-01,4.444408416748046875e-02,-1.121396064758300781e+00,-1.007796049118041992e+00,-1.328485965728759766e+00,7.572000026702880859e-01,-2.453980445861816406e-01,-9.199810028076171875e-02,-7.684919834136962891e-01,2.112546443939208984e+00,-1.189441919326782227e+00,7.520794868469238281e-02,-2.453980445861816406e-01,8.287787437438964844e-02,-7.854499816894531250e-01,2.112546443939208984e+00,-1.186300277709960938e+00,-7.205605506896972656e-02,1.395981788635253906e+00,-2.086658477783203125e-01,8.820080757141113281e-01,8.422079086303710938e-01,-1.998400688171386719e-02,5.079996585845947266e-02,2.223972167968750000e+02,1.438253021240234375e+02
3.865261077880859375e-01,1.196100711822509766e-01,4.279439449310302734e-01,4.597806930541992188e-02,-1.121396064758300781e+00,-1.009330034255981445e+00,-1.328485965728759766e+00,7.572000026702880859e-01,-2.453980445861816406e-01,-9.199810028076171875e-02,-7.700259685516357422e-01,2.112546443939208984e+00,-1.189441919326782227e+00,7.501578330993652344e-02,-2.453980445861816406e-01,8.287787437438964844e-02,-7.854499816894531250e-01,2.112546443939208984e+00,-1.186300277709960938e+00,-7.205605506896972656e-02,1.395981788635253906e+00,-2.086658477783203125e-01,8.835420608520507812e-01,8.422079086303710938e-01,-1.998400688171386719e-02,5.079996585845947266e-02,2.217727355957031250e+02,1.706929321289062500e+02
3.865261077880859375e-01,1.196100711822509766e-01,4.877700805664062500e-01,3.328361511230468750e-01,-1.127532005310058594e+00,-1.009330034255981445e+00,-1.328485965728759766e+00,7.572000026702880859e-01,-2.453980445861816406e-01,-9.199810028076171875e-02,-7.684919834136962891e-01,2.112546443939208984e+00,-1.188891887664794922e+00,7.516529411077499390e-02,-2.453980445861816406e-01,8.287787437438964844e-02,-7.854499816894531250e-01,2.112546443939208984e+00,-1.186300277709960938e+00,-7.205605506896972656e-02,1.395981788635253906e+00,-2.086658477783203125e-01,8.820080757141113281e-01,8.422079086303710938e-01,-1.998400688171386719e-02,5.120003223419189453e-02,1.450141143798828125e+02,1.742543334960937500e+02
3.865261077880859375e-01,1.196100711822509766e-01,5.015759468078613281e-01,7.132680416107177734e-01,-1.132133960723876953e+00,-1.001660108566284180e+00,-1.330019950866699219e+00,7.572000026702880859e-01,-2.453980445861816406e-01,-9.199810028076171875e-02,-7.684919834136962891e-01,2.112546443939208984e+00,-1.189441919326782227e+00,7.501578330993652344e-02,-2.453980445861816406e-01,8.287787437438964844e-02,-7.854499816894531250e-01,2.112546443939208984e+00,-1.186300277709960938e+00,-7.205605506896972656e-02,1.395981788635253906e+00,-2.102000713348388672e-01,8.835420608520507812e-01,8.422079086303710938e-01,-1.998400688171386719e-02,5.079996585845947266e-02,5.096666717529296875e+01,1.602987823486328125e+02
3.865261077880859375e-01,1.196100711822509766e-01,3.313021659851074219e-01,7.439479827880859375e-01,-1.150541782379150391e+00,-1.004728078842163086e+00,-1.494157791137695312e+00,7.572000026702880859e-01,-2.453980445861816406e-01,-9.199810028076171875e-02,-7.684919834136962891e-01,2.112546443939208984e+00,-1.188891887664794922e+00,7.516529411077499390e-02,-2.453980445861816406e-01,8.287787437438964844e-02,-7.854499816894531250e-01,2.112546443939208984e+00,-1.186300277709960938e+00,-7.205605506896972656e-02,1.395981788635253906e+00,-2.102000713348388672e-01,8.835420608520507812e-01,8.422079086303710938e-01,-1.998400688171386719e-02,5.120003223419189453e-02,6.717514038085937500e+00,9.249152374267578125e+01
3.865261077880859375e-01,1.196100711822509766e-01,1.564259529113769531e-01,6.442379951477050781e-01,-1.147473812103271484e+00,-1.010864019393920898e+00,-1.372972011566162109e+00,7.572000026702880859e-01,-2.453980445861816406e-01,-9.199810028076171875e-02,-7.684919834136962891e-01,2.112546443939208984e+00,-1.188891887664794922e+00,7.516529411077499390e-02,-2.453980445861816406e-01,8.287787437438964844e-02,-7.854499816894531250e-01,2.112546443939208984e+00,-1.186300277709960938e+00,-7.205605506896972656e-02,1.395981788635253906e+00,-2.086658477783203125e-01,8.820080757141113281e-01,8.422079086303710938e-01,-1.998400688171386719e-02,5.079996585845947266e-02,3.075975990295410156e+01,5.647447586059570312e+01
3.865261077880859375e-01,1.196100711822509766e-01,1.840381622314453125e-01,6.749181747436523438e-01,-1.130599975585937500e+00,-1.007796049118041992e+00,-1.343825817108154297e+00,7.572000026702880859e-01,-2.453980445861816406e-01,-9.199810028076171875e-02,-7.684919834136962891e-01,2.112546443939208984e+00,-1.189441919326782227e+00,7.501578330993652344e-02,-2.453980445861816406e-01,8.287787437438964844e-02,-7.854499816894531250e-01,2.112546443939208984e+00,-1.185740113258361816e+00,-7.205605506896972656e-02,1.395981788635253906e+00,-2.086658477783203125e-01,8.820080757141113281e-01,8.422079086303710938e-01,-1.998400688171386719e-02,5.079996585845947266e-02,2.908865165710449219e+01,6.942375946044921875e+01
3.865261077880859375e-01,1.303479671478271484e-01,7.761621475219726562e-01,6.963939666748046875e-01,-1.155144214630126953e+00,-9.878540039062500000e-01,-1.544779777526855469e+00,7.572000026702880859e-01,-2.438640594482421875e-01,-9.199810028076171875e-02,-7.669579982757568359e-01,2.112546443939208984e+00,-1.188891887664794922e+00,7.516529411077499390e-02,-2.438640594482421875e-01,8.287787437438964844e-02,-7.839159965515136719e-01,2.112546443939208984e+00,-1.185740113258361816e+00,-7.205605506896972656e-02,1.395981788635253906e+00,-2.102000713348388672e-01,8.820080757141113281e-01,8.406739234924316406e-01,-1.998400688171386719e-02,5.079996585845947266e-02,3.600000000000000000e+01,2.203737335205078125e+02
3.865261077880859375e-01,1.303479671478271484e-01,7.761621475219726562e-01,6.933259963989257812e-01,-1.155144214630126953e+00,-9.878540039062500000e-01,-1.544779777526855469e+00,7.572000026702880859e-01,-2.453980445861816406e-01,-9.199810028076171875e-02,-7.684919834136962891e-01,2.112546443939208984e+00,-1.188891887664794922e+00,7.516529411077499390e-02,-2.453980445861816406e-01,8.287787437438964844e-02,-7.854499816894531250e-01,2.112546443939208984e+00,-1.185740113258361816e+00,-7.205605506896972656e-02,1.395981788635253906e+00,-2.102000713348388672e-01,8.820080757141113281e-01,8.422079086303710938e-01,-1.998400688171386719e-02,5.079996585845947266e-02,3.899465560913085938e+01,2.192297973632812500e+02
3.865261077880859375e-01,1.303479671478271484e-01,6.841220855712890625e-01,6.795201301574707031e-01,-1.156678199768066406e+00,-9.924559593200683594e-01,-1.532507896423339844e+00,7.572000026702880859e-01,-2.453980445861816406e-01,-9.199810028076171875e-02,-7.684919834136962891e-01,2.112546443939208984e+00,-1.188891887664794922e+00,7.516529411077499390e-02,-2.453980445861816406e-01,8.287787437438964844e-02,-7.839159965515136719e-01,2.112546443939208984e+00,-1.185740113258361816e+00,-7.205605506896972656e-02,1.395981788635253906e+00,-2.102000713348388672e-01,8.820080757141113281e-01,8.422079086303710938e-01,-1.998400688171386719e-02,5.079996585845947266e-02,4.440398406982421875e+01,1.906159362792968750e+02
3.865261077880859375e-01,1.303479671478271484e-01,4.862360954284667969e-01,5.184500217437744141e-01,-1.156678199768066406e+00,-9.970581531524658203e-01,-1.534041881561279297e+00,7.572000026702880859e-01,-2.453980445861816406e-01,-9.199810028076171875e-02,-7.684919834136962891e-01,2.112546443939208984e+00,-1.189441919326782227e+00,7.501578330993652344e-02,-2.453980445861816406e-01,8.287787437438964844e-02,-7.854499816894531250e-01,2.112546443939208984e+00,-1.185740113258361816e+00,-7.205605506896972656e-02,1.395981788635253906e+00,-2.086658477783203125e-01,8.835420608520507812e-01,8.422079086303710938e-01,-1.998400688171386719e-02,5.079996585845947266e-02,7.796775817871093750e+01,1.435253601074218750e+02
3.865261077880859375e-01,1.318819522857666016e-01,4.003319740295410156e-01,3.788559436798095703e-01,-1.156678199768066406e+00,-1.010864019393920898e+00,-1.527905941009521484e+00,7.572000026702880859e-01,-2.453980445861816406e-01,-9.199810028076171875e-02,-7.669579982757568359e-01,2.112546443939208984e+00,-1.188891887664794922e+00,7.367396354675292969e-02,-2.453980445861816406e-01,8.287787437438964844e-02,-7.854499816894531250e-01,2.112546443939208984e+00,-1.185740113258361816e+00,-7.205605506896972656e-02,1.395981788635253906e+00,-2.086658477783203125e-01,8.820080757141113281e-01,8.422079086303710938e-01,-1.998400688171386719e-02,5.079996585845947266e-02,1.111977920532226562e+02,1.214000015258789062e+02
3.865261077880859375e-01,1.303479671478271484e-01,2.500000000000000000e-01,2.791459560394287109e-01,-1.152075767517089844e+00,-1.012398004531860352e+00,-1.359166145324707031e+00,7.572000026702880859e-01,-2.453980445861816406e-01,-9.199810028076171875e-02,-7.684919834136962891e-01,2.112546443939208984e+00,-1.188891887664794922e+00,7.516529411077499390e-02,-2.453980445861816406e-01,8.287787437438964844e-02,-7.854499816894531250e-01,2.112546443939208984e+00,-1.185740113258361816e+00,-7.205605506896972656e-02,1.395981788635253906e+00,-2.086658477783203125e-01,8.835420608520507812e-01,8.422079086303710938e-01,-1.998400688171386719e-02,5.079996585845947266e-02,1.320317535400390625e+02,7.667689514160156250e+01
3.865261077880859375e-01,1.303479671478271484e-01,9.353208541870117188e-02,4.018659591674804688e-01,-1.138269901275634766e+00,-1.009330034255981445e+00,-1.357632160186767578e+00,7.572000026702880859e-01,-2.453980445861816406e-01,-9.199810028076171875e-02,-7.684919834136962891e-01,2.112546443939208984e+00,-1.188891887664794922e+00,7.516529411077499390e-02,-2.453980445861816406e-01,8.287787437438964844e-02,-7.854499816894531250e-01,2.112546443939208984e+00,-1.185740113258361816e+00,-7.205605506896972656e-02,1.395981788635253906e+00,-2.086658477783203125e-01,8.820080757141113281e-01,8.422079086303710938e-01,-1.998400688171386719e-02,5.120003223419189453e-02,9.142420196533203125e+01,2.435561370849609375e+01
3.865261077880859375e-01,1.303479671478271484e-01,8.586215972900390625e-02,4.356141090393066406e-01,-1.139803886413574219e+00,-1.009330034255981445e+00,-1.342291831970214844e+00,7.572000026702880859e-01,-2.453980445861816406e-01,-9.199810028076171875e-02,-7.684919834136962891e-01,2.112546443939208984e+00,-1.189441919326782227e+00,7.501578330993652344e-02,-2.453980445861816406e-01,8.287787437438964844e-02,-7.854499816894531250e-01,2.112546443939208984e+00,-1.185740113258361816e+00,-7.205605506896972656e-02,1.395981788635253906e+00,-2.086658477783203125e-01,8.820080757141113281e-01,8.422079086303710938e-01,-1.998400688171386719e-02,5.079996585845947266e-02,8.338311004638671875e+01,2.518929100036621094e+01
3.865261077880859375e-01,1.303479671478271484e-01,6.745409965515136719e-02,4.448180198669433594e-01,-1.130599975585937500e+00,-1.009330034255981445e+00,-1.342291831970214844e+00,7.572000026702880859e-01,-2.453980445861816406e-01,-9.199810028076171875e-02,-7.684919834136962891e-01,2.112546443939208984e+00,-1.188891887664794922e+00,7.516529411077499390e-02,-2.453980445861816406e-01,8.287787437438964844e-02,-7.854499816894531250e-01,2.112546443939208984e+00,-1.185740113258361816e+00,-7.205605506896972656e-02,1.395981788635253906e+00,-2.086658477783203125e-01,8.835420608520507812e-01,8.422079086303710938e-01,-1.998400688171386719e-02,5.079996585845947266e-02,7.984920501708984375e+01,1.679365158081054688e+01
3.865261077880859375e-01,1.303479671478271484e-01,2.331261634826660156e-01,5.092461109161376953e-01,-1.130599975585937500e+00,-9.909219741821289062e-01,-1.342291831970214844e+00,7.572000026702880859e-01,-2.453980445861816406e-01,-9.199810028076171875e-02,-7.700259685516357422e-01,2.112546443939208984e+00,-1.189441919326782227e+00,7.501578330993652344e-02,-2.453980445861816406e-01,8.287787437438964844e-02,-7.854499816894531250e-01,2.112546443939208984e+00,-1.185740113258361816e+00,-7.205605506896972656e-02,1.395981788635253906e+00,-2.086658477783203125e-01,8.820080757141113281e-01,8.422079086303710938e-01,-1.998400688171386719e-02,5.079996585845947266e-02,7.790097808837890625e+01,8.701720428466796875e+01
3.865261077880859375e-01,1.303479671478271484e-01,4.417500495910644531e-01,5.844120979309082031e-01,-1.132133960723876953e+00,-9.893879890441894531e-01,-1.342291831970214844e+00,7.572000026702880859e-01,-2.453980445861816406e-01,-9.199810028076171875e-02,-7.700259685516357422e-01,2.112546443939208984e+00,-1.188891887664794922e+00,7.516529411077499390e-02,-2.453980445861816406e-01,8.287787437438964844e-02,-7.854499816894531250e-01,2.112546443939208984e+00,-1.185740113258361816e+00,-7.205605506896972656e-02,1.395981788635253906e+00,-2.102000713348388672e-01,8.820080757141113281e-01,8.422079086303710938e-01,-1.998400688171386719e-02,5.079996585845947266e-02,6.816100311279296875e+01,1.440649871826171875e+02
3.865261077880859375e-01,1.318819522857666016e-01,6.979279518127441406e-01,5.230519771575927734e-01,-1.144405841827392578e+00,-9.924559593200683594e-01,-1.342291831970214844e+00,7.572000026702880859e-01,-2.453980445861816406e-01,-9.199810028076171875e-02,-7.684919834136962891e-01,2.112546443939208984e+00,-1.189441919326782227e+00,7.501578330993652344e-02,-2.453980445861816406e-01,8.287787437438964844e-02,-7.854499816894531250e-01,2.112546443939208984e+00,-1.185740113258361816e+00,-7.205605506896972656e-02,1.395981788635253906e+00,-2.086658477783203125e-01,8.835420608520507812e-01,8.406739234924316406e-01,-1.998400688171386719e-02,5.079996585845947266e-02,8.675585937500000000e+01,2.153802185058593750e+02
3.865261077880859375e-01,1.303479671478271484e-01,3.466420173645019531e-01,3.389720916748046875e-01,-1.144405841827392578e+00,-1.012398004531860352e+00,-1.342291831970214844e+00,7.572000026702880859e-01,-2.453980445861816406e-01,-9.199810028076171875e-02,-7.669579982757568359e-01,2.112546443939208984e+00,-1.188891887664794922e+00,7.516529411077499390e-02,-2.453980445861816406e-01,8.287787437438964844e-02,-7.854499816894531250e-01,2.112546443939208984e+00,-1.185740113258361816e+00,-7.205605506896972656e-02,1.395981788635253906e+00,-2.086658477783203125e-01,8.820080757141113281e-01,8.422079086303710938e-01,-1.998400688171386719e-02,5.120003223419189453e-02,1.267801361083984375e+02,1.118488388061523438e+02
3.865261077880859375e-01,1.303479671478271484e-01,1.809699535369873047e-01,2.929520606994628906e-01,-1.144405841827392578e+00,-1.010864019393920898e+00,-1.342291831970214844e+00,7.572000026702880859e-01,-2.453980445861816406e-01,-9.199810028076171875e-02,-7.669579982757568359e-01,2.112546443939208984e+00,-1.188891887664794922e+00,7.516529411077499390e-02,-2.453980445861816406e-01,8.287787437438964844e-02,-7.854499816894531250e-01,2.112546443939208984e+00,-1.185740113258361816e+00,-7.205605506896972656e-02,1.395981788635253906e+00,-2.102000713348388672e-01,8.820080757141113281e-01,8.406739234924316406e-01,-1.998400688171386719e-02,5.079996585845947266e-02,1.285038909912109375e+02,5.222750854492187500e+01
3.865261077880859375e-01,1.303479671478271484e-01,9.966802597045898438e-02,1.794359683990478516e-01,-1.149007797241210938e+00,-1.012398004531860352e+00,-1.342291831970214844e+00,7.572000026702880859e-01,-2.453980445861816406e-01,-9.199810028076171875e-02,-7.684919834136962891e-01,2.112546443939208984e+00,-1.188891887664794922e+00,7.516529411077499390e-02,-2.453980445861816406e-01,8.287787437438964844e-02,-7.854499816894531250e-01,2.112546443939208984e+00,-1.185740113258361816e+00,-7.205605506896972656e-02,1.395981788635253906e+00,-2.086658477783203125e-01,8.820080757141113281e-01,8.422079086303710938e-01,-1.998400688171386719e-02,5.079996585845947266e-02,1.518930664062500000e+02,2.000627517700195312e+01
3.865261077880859375e-01,1.303479671478271484e-01,2.730100154876708984e-01,1.318819522857666016e-01,-1.129065990447998047e+00,-1.010864019393920898e+00,-1.342291831970214844e+00,7.572000026702880859e-01,-2.453980445861816406e-01,-9.199810028076171875e-02,-7.684919834136962891e-01,2.112546443939208984e+00,-1.189441919326782227e+00,7.501578330993652344e-02,-2.453980445861816406e-01,8.287787437438964844e-02,-7.854499816894531250e-01,2.112546443939208984e+00,-1.185740113258361816e+00,-7.205605506896972656e-02,1.395981788635253906e+00,-2.086658477783203125e-01,8.835420608520507812e-01,8.422079086303710938e-01,-1.998400688171386719e-02,5.079996585845947266e-02,1.890298614501953125e+02,1.039912490844726562e+02
3.865261077880859375e-01,1.303479671478271484e-01,4.678280353546142578e-01,1.242120265960693359e-01,-1.129065990447998047e+00,-1.010864019393920898e+00,-1.342291831970214844e+00,7.572000026702880859e-01,-2.453980445861816406e-01,-9.199810028076171875e-02,-7.684919834136962891e-01,2.112546443939208984e+00,-1.188891887664794922e+00,7.516529411077499390e-02,-2.453980445861816406e-01,8.287787437438964844e-02,-7.854499816894531250e-01,2.112546443939208984e+00,-1.185740113258361816e+00,-7.205605506896972656e-02,1.395981788635253906e+00,-2.102000713348388672e-01,8.835420608520507812e-01,8.422079086303710938e-01,-1.998400688171386719e-02,5.079996585845947266e-02,1.935821838378906250e+02,1.696392059326171875e+02
3.865261077880859375e-01,1.318819522857666016e-01,6.457719802856445312e-01,9.506607055664062500e-02,-1.130599975585937500e+00,-1.009330034255981445e+00,-1.342291831970214844e+00,7.572000026702880859e-01,-2.453980445861816406e-01,-9.199810028076171875e-02,-7.684919834136962891e-01,2.112546443939208984e+00,-1.189441919326782227e+00,7.501578330993652344e-02,-2.453980445861816406e-01,8.287787437438964844e-02,-7.854499816894531250e-01,2.112546443939208984e+00,-1.185740113258361816e+00,-7.205605506896972656e-02,1.395981788635253906e+00,-2.102000713348388672e-01,8.820080757141113281e-01,8.406739234924316406e-01,-1.998400688171386719e-02,5.079996585845947266e-02,1.975365905761718750e+02,2.283544769287109375e+02
3.865261077880859375e-01,1.349501609802246094e-01,4.110701084136962891e-01,1.836609840393066406e-02,-1.125998020172119141e+00,-1.012398004531860352e+00,-1.323884010314941406e+00,7.572000026702880859e-01,-2.453980445861816406e-01,-9.199810028076171875e-02,-7.684919834136962891e-01,2.112546443939208984e+00,-1.188891887664794922e+00,7.516529411077499390e-02,-2.453980445861816406e-01,8.287787437438964844e-02,-7.854499816894531250e-01,2.112546443939208984e+00,-1.185740113258361816e+00,-7.205605506896972656e-02,1.395981788635253906e+00,-2.102000713348388672e-01,8.835420608520507812e-01,8.422079086303710938e-01,-1.998400688171386719e-02,5.079996585845947266e-02,2.280748748779296875e+02,1.470498046875000000e+02
3.865261077880859375e-01,1.656301021575927734e-01,1.825039386749267578e-01,-1.120240688323974609e-01,-1.121396064758300781e+00,-1.009330034255981445e+00,-1.325417995452880859e+00,7.572000026702880859e-01,-2.453980445861816406e-01,-9.199810028076171875e-02,-7.684919834136962891e-01,2.112546443939208984e+00,-1.189441919326782227e+00,7.501578330993652344e-02,-2.453980445861816406e-01,8.287787437438964844e-02,-7.854499816894531250e-01,2.112546443939208984e+00,-1.185740113258361816e+00,-7.205605506896972656e-02,1.395981788635253906e+00,-2.102000713348388672e-01,8.835420608520507812e-01,8.422079086303710938e-01,-1.998400688171386719e-02,5.079996585845947266e-02,2.834641113281250000e+02,5.442016983032226562e+01
3.865261077880859375e-01,1.656301021575927734e-01,2.791459560394287109e-01,7.972598075866699219e-02,-1.132133960723876953e+00,-1.009330034255981445e+00,-1.339223861694335938e+00,7.572000026702880859e-01,-2.453980445861816406e-01,-9.199810028076171875e-02,-7.684919834136962891e-01,2.112546443939208984e+00,-1.188891887664794922e+00,7.516529411077499390e-02,-2.453980445861816406e-01,8.287787437438964844e-02,-7.854499816894531250e-01,2.112546443939208984e+00,-1.186300277709960938e+00,-7.205605506896972656e-02,1.395981788635253906e+00,-2.102000713348388672e-01,8.820080757141113281e-01,8.406739234924316406e-01,-1.998400688171386719e-02,5.079996585845947266e-02,2.068397827148437500e+02,9.395577239990234375e+01
3.865261077880859375e-01,1.809699535369873047e-01,2.791459560394287109e-01,1.748340129852294922e-01,-1.130599975585937500e+00,-1.009330034255981445e+00,-1.339223861694335938e+00,7.572000026702880859e-01,-2.453980445861816406e-01,-9.199810028076171875e-02,-7.684919834136962891e-01,2.112546443939208984e+00,-1.188891887664794922e+00,7.516529411077499390e-02,-2.453980445861816406e-01,8.287787437438964844e-02,-7.854499816894531250e-01,2.112546443939208984e+00,-1.186300277709960938e+00,-7.205605506896972656e-02,1.395981788635253906e+00,-2.086658477783203125e-01,8.820080757141113281e-01,8.422079086303710938e-01,-1.998400688171386719e-02,5.079996585845947266e-02,1.785991210937500000e+02,8.750410461425781250e+01
3.865261077880859375e-01,1.809699535369873047e-01,3.589141368865966797e-01,1.042699813842773438e-01,-1.145939826965332031e+00,-1.006262063980102539e+00,-1.339223861694335938e+00,7.572000026702880859e-01,-2.453980445861816406e-01,-9.199810028076171875e-02,-7.684919834136962891e-01,2.112546443939208984e+00,-1.188891887664794922e+00,7.516529411077499390e-02,-2.453980445861816406e-01,8.287787437438964844e-02,-7.854499816894531250e-01,2.112546443939208984e+00,-1.186300277709960938e+00,-7.205605506896972656e-02,1.395981788635253906e+00,-2.102000713348388672e-01,8.820080757141113281e-01,8.422079086303710938e-01,-1.998400688171386719e-02,5.079996585845947266e-02,1.949267120361328125e+02,1.052626800537109375e+02
3.865261077880859375e-01,1.809699535369873047e-01,3.803901672363281250e-01,1.487560272216796875e-01,-1.150541782379150391e+00,-1.004728078842163086e+00,-1.340757846832275391e+00,7.572000026702880859e-01,-2.453980445861816406e-01,-9.199810028076171875e-02,-7.684919834136962891e-01,2.112546443939208984e+00,-1.188891887664794922e+00,7.516529411077499390e-02,-2.453980445861816406e-01,8.287787437438964844e-02,-7.854499816894531250e-01,2.112546443939208984e+00,-1.185740113258361816e+00,-7.205605506896972656e-02,1.395981788635253906e+00,-2.086658477783203125e-01,8.820080757141113281e-01,8.406739234924316406e-01,-1.998400688171386719e-02,5.120003223419189453e-02,1.793692779541015625e+02,1.161515121459960938e+02
3.865261077880859375e-01,1.809699535369873047e-01,3.972640037536621094e-01,1.518239974975585938e-01,-1.150541782379150391e+00,-9.893879890441894531e-01,-1.340757846832275391e+00,7.572000026702880859e-01,-2.453980445861816406e-01,-9.199810028076171875e-02,-7.700259685516357422e-01,2.112546443939208984e+00,-1.189441919326782227e+00,7.501578330993652344e-02,-2.453980445861816406e-01,8.287787437438964844e-02,-7.854499816894531250e-01,2.112546443939208984e+00,-1.186300277709960938e+00,-7.205605506896972656e-02,1.395981788635253906e+00,-2.086658477783203125e-01,8.820080757141113281e-01,8.422079086303710938e-01,-1.998400688171386719e-02,5.079996585845947266e-02,1.784598388671875000e+02,1.285210876464843750e+02
3.865261077880859375e-01,1.809699535369873047e-01,3.987979888916015625e-01,1.686980724334716797e-01,-1.150541782379150391e+00,-9.893879890441894531e-01,-1.340757846832275391e+00,7.572000026702880859e-01,-2.453980445861816406e-01,-9.199810028076171875e-02,-7.715599536895751953e-01,2.112546443939208984e+00,-1.189441919326782227e+00,7.501578330993652344e-02,-2.453980445861816406e-01,8.287787437438964844e-02,-7.869839668273925781e-01,2.112546443939208984e+00,-1.186300277709960938e+00,-7.205605506896972656e-02,1.395981788635253906e+00,-2.086658477783203125e-01,8.835420608520507812e-01,8.422079086303710938e-01,-1.998400688171386719e-02,5.079996585845947266e-02,1.743481597900390625e+02,1.290637817382812500e+02
3.865261077880859375e-01,1.809699535369873047e-01,4.279439449310302734e-01,1.917080879211425781e-01,-1.150541782379150391e+00,-9.893879890441894531e-01,-1.340757846832275391e+00,7.572000026702880859e-01,-2.453980445861816406e-01,-9.199810028076171875e-02,-7.715599536895751953e-01,2.112546443939208984e+00,-1.189441919326782227e+00,7.501578330993652344e-02,-2.453980445861816406e-01,8.287787437438964844e-02,-7.869839668273925781e-01,2.112546443939208984e+00,-1.186300277709960938e+00,-7.205605506896972656e-02,1.395981788635253906e+00,-2.086658477783203125e-01,8.820080757141113281e-01,8.422079086303710938e-01,-1.998400688171386719e-02,5.079996585845947266e-02,1.685123138427734375e+02,1.379038696289062500e+02
